{"cameraMode":{"drawMode":0,"name":"Shaded","section":"Shading Mode"},"sceneLighting":true,"audioPlay":false,"sceneViewState":{"showFog":true,"showMaterialUpdate":false,"showSkybox":true,"showFlares":true,"showImageEffects":true,"showParticleSystems":true},"in2DMode":false,"pivot":{"x":30.91071319580078,"y":-11.694997787475586,"z":6.757720947265625},"rotation":{"x":0.11914088577032089,"y":-0.8772314786911011,"z":0.36862486600875857,"w":0.28352460265159609},"size":21.170612335205079,"orthographic":false}