{"cameraMode":{"drawMode":0,"name":"Shaded","section":"Shading Mode"},"sceneLighting":true,"audioPlay":false,"sceneViewState":{"showFog":false,"showMaterialUpdate":false,"showSkybox":false,"showFlares":false,"showImageEffects":false,"showParticleSystems":false},"in2DMode":false,"pivot":{"x":116.97781372070313,"y":40.90242004394531,"z":74.41996765136719},"rotation":{"x":-0.09797915071249008,"y":0.8448122143745422,"z":-0.16581420600414277,"w":-0.499197393655777},"size":1183.0738525390625,"orthographic":false}